{"cameraMode":{"drawMode":2,"name":"Shaded Wireframe","section":"Shading Mode"},"sceneLighting":true,"audioPlay":false,"sceneViewState":{"m_AlwaysRefresh":false,"showFog":true,"showSkybox":true,"showFlares":true,"showImageEffects":true,"showParticleSystems":true,"showVisualEffectGraphs":true,"m_FxEnabled":true},"in2DMode":false,"pivot":{"x":9.578822135925293,"y":1.5899498462677003,"z":-10.273168563842774},"rotation":{"x":-0.0006101418985053897,"y":0.004497629590332508,"z":-0.0000026720613277575468,"w":-0.9999906420707703},"size":15.521329879760743,"orthographic":false}